plotting_name,#,name,flo_name,code,testset,KI (nM),SEM_KI,dG (kcal/mol),# mutations
NL4-3,1,01_DRV_6DGX,NL4-3,DRV_NL3-4,0,0.005,0.0038,-15.5130551459,0
Var1,2,02_DRV_6DH0,Var1-1Mut,DRV_I84V,0,0.0256,0.0056,-14.5394320317,1
Var2,3,03_DRV_6OPT,Var2-2Mut,RS-V82FI84V,0,0.2345,0.0168,-13.2190167726,2
Var3,4,04_DRV_4Q1Y,Var4-5Mut,4q1y,0,0.045,,-14.2031553689,5
Var4,5,05_DRV_6OPU,Var5-4Mut,DRV_RS4GMut,0,0.416,0.089,-12.8772795521,4
Var5,6,06_DRV_6OPV,Var6-8Mut,DRV_Sel-DRV0-8Mut,0,12.8,0.4,-10.834524556,8
Var6,7,07_DRV_6OPY,Var7-10Mut,DRV_Sel-DRV0-10Mut,0,156.4,3.67,-9.3423502696,10
Var7,8,08_DRV_6OPZ,Var8-11Mut,DRV_Sel-DRV0-11Mut,0,759.2,57.2,-8.4005061298,11
Var8,9,09_DRV_var3,Var3-2Mut,DRV_I50VA71V,0,0.0745,0.0056,-13.9026087277,2
Var9,10,10_DRV_var9,Var9-9Mut,DRV_RSUMass2Mut,0,77.6,3.1,-9.7601694054,9
Var10,11,11_DRV_var10,Var10-7Mut,DRV_RSUMass5Mut,0,12.1,0.9,-10.8680524872,7
Var11,12,12_DRV_var11,Var11-10Mut,DRV_RSUMass8Mut,0,57.6,1.2,-9.9378521507,10
Var12,13,13_DRV_var12,Var12-6Mut,DRV_RSUMass9Mut,0,3.9,0.3,-11.5430432907,6
Var13,14,14_DRV_var13,Var13-10Mut,DRV_EPDRV,0,26,1.4,-10.4120541916,10
Var14,15,15_DRV_var14,Var14-12Mut,DRV_EPU3,0,12.1,0.5,-10.8680524872,12
Var15,16,16_DRV_var15,Var15-12Mut,DRV_EPU4,0,58.3,2.2,-9.9306508077,12
Var16,17,17_DRV_var16,Var16-10Mut,DRV_EPU5,0,57,1.5,-9.9440947322,10
Var17,18,18_DRV_var17,Var17-14Mut,DRV_EPU9,0,11.7,0.5,-10.8880934022,14
Var18,19,19_DRV_var18,Var18-20Mut,3ttp,1,0.96,,-12.29,20
Var19,20,20_DRV_var19,Var19-20Mut,3u7s,1,3.7,,-11.497,20
Var20,21,21_DRV_3EKT,Var20-7Mut,3ekt,1,0.026,,-14.54,7
Var21,22,22_DRV_var21,Var21-24Mut,DRV_KY26,1,6.95,0.12,-11.19,24
Var22,23,23_DRV_var22,Var22-4Mut (SF2),1t3r,1,0.014,,-14.889,4
Var23,24,24_DRV_var23,Var23-6Mut,2f80,1,6.6,,-11.22,6
Var24,25,25_DRV_var24,Var24-6Mut,3cyw,1,17,,-10.66,6
Var25,26,26_DRV_var25,Var25-20Mut,3ucb,1,31,,-10.3,20
Var26,27,27_DRV_5KQY,Var26-6Mut,5kqy,1,0.51,,-12.75,6
Var27,28,28_DRV_var27,Var27-6Mut,3d1z,1,1.6,,-12.07,6
